City_ID,City,Country,Lat,Lng,Max Temp,Humidity,Cloudiness,Wind Speed,Current Description
0,Poroshkovo,UA,48.6683,22.7533,48.9,100,100,3.69,overcast clouds
1,Avarua,CK,-21.2078,-159.775,77.05,69,40,17.27,scattered clouds
2,Mahibadhoo,MV,3.7833,72.9667,81.32,78,100,18.92,overcast clouds
3,New Norfolk,AU,-42.7826,147.0587,49.91,70,100,1.99,overcast clouds
4,Khatanga,RU,71.9667,102.5,6.4,99,84,3.0,broken clouds
5,Saint-Philippe,RE,-21.3585,55.7679,69.39,79,53,10.0,broken clouds
6,Mataura,NZ,-46.1927,168.8643,38.48,89,100,8.08,overcast clouds
7,Hilo,US,19.7297,-155.09,86.29,86,19,1.01,few clouds
8,Rikitea,PF,-23.1203,-134.9692,69.01,64,0,22.28,clear sky
9,Puerto Ayora,EC,-0.7393,-90.3518,69.55,88,76,5.99,broken clouds
10,Vaini,TO,-21.2,-175.2,76.48,87,100,13.56,light rain
11,Hobart,AU,-42.8794,147.3294,50.25,81,75,13.8,broken clouds
12,Kongolo,CD,-5.3833,27.0,75.9,66,92,3.44,overcast clouds
13,East London,ZA,-33.0153,27.9116,65.91,82,100,9.78,overcast clouds
14,Port Alfred,ZA,-33.5906,26.891,61.18,90,93,4.0,overcast clouds
15,Lebu,CL,-37.6167,-73.65,54.59,69,100,9.84,overcast clouds
16,Ulladulla,AU,-35.35,150.4667,56.3,94,100,14.16,light rain
17,Petukhovo,RU,55.0692,67.9019,45.68,38,100,7.96,overcast clouds
18,Honningsvag,NO,70.9821,25.9704,44.35,81,100,19.57,overcast clouds
19,Sungaipenuh,ID,-2.0833,101.3833,65.23,93,94,2.46,moderate rain
20,Tuktoyaktuk,CA,69.4541,-133.0374,32.0,100,100,13.8,overcast clouds
21,Westport,US,41.1415,-73.3579,62.31,90,100,10.36,thunderstorm
22,Fort Nelson,CA,58.8053,-122.7002,54.23,46,85,3.58,overcast clouds
23,Kalmunai,LK,7.4167,81.8167,79.39,79,100,4.14,overcast clouds
24,Port Elizabeth,ZA,-33.918,25.5701,61.32,85,40,9.22,scattered clouds
25,Barrow,US,71.2906,-156.7887,37.42,65,20,23.02,few clouds
26,Albany,US,42.6001,-73.9662,64.89,80,98,3.78,overcast clouds
27,Kavieng,PG,-2.5744,150.7967,81.93,77,100,13.22,light rain
28,Bandarbeyla,SO,9.4942,50.8122,77.41,83,72,18.01,broken clouds
29,Sao Joao Da Barra,BR,-21.6403,-41.0511,72.55,85,73,11.1,broken clouds
30,Hermanus,ZA,-34.4187,19.2345,55.8,81,0,12.68,clear sky
31,Half Moon Bay,US,37.4636,-122.4286,83.53,74,100,6.91,overcast clouds
32,Severo-Kurilsk,RU,50.6789,156.125,42.53,63,65,17.34,broken clouds
33,Tasiilaq,GL,65.6145,-37.6368,21.74,62,72,5.26,broken clouds
34,Nanortalik,GL,60.1432,-45.2371,37.9,87,51,13.71,broken clouds
35,Castro,BR,-24.7911,-50.0119,72.81,70,100,2.24,overcast clouds
36,Leningradskiy,RU,69.3833,178.4167,26.73,87,100,12.12,overcast clouds
37,Nikolskoye,RU,59.7035,30.7861,46.8,96,90,5.61,overcast clouds
38,Milkovo,RU,54.7167,158.6167,34.66,70,14,12.21,few clouds
39,Busselton,AU,-33.65,115.3333,48.6,63,12,8.5,few clouds
40,Moron,AR,-34.6534,-58.6198,73.02,57,84,8.59,broken clouds
41,Faanui,PF,-16.4833,-151.75,77.59,75,40,26.31,light rain
42,Creston,US,41.0586,-94.3614,72.34,56,100,11.5,overcast clouds
43,Kavaratti,IN,10.5669,72.642,81.19,79,78,15.39,broken clouds
44,Bluff,NZ,-46.6,168.3333,38.8,69,94,22.03,overcast clouds
45,Bredasdorp,ZA,-34.5322,20.0403,51.37,90,0,5.28,clear sky
46,Hithadhoo,MV,-0.6,73.0833,82.27,74,100,18.43,overcast clouds
47,Navalmoral De La Mata,ES,39.8916,-5.5406,73.33,31,0,1.68,clear sky
48,Farafangana,MG,-22.8167,47.8333,69.22,90,0,9.53,clear sky
49,Qaanaaq,GL,77.484,-69.3632,6.98,73,50,7.72,scattered clouds
50,Cabo San Lucas,MX,22.8909,-109.9124,91.62,57,6,4.18,clear sky
51,Ilulissat,GL,69.2167,-51.1,26.62,63,20,1.14,few clouds
52,Camacha,PT,33.0833,-16.3333,67.42,68,40,13.8,scattered clouds
53,Soyo,AO,-6.1349,12.3689,75.78,86,80,11.52,broken clouds
54,Vao,NC,-22.6667,167.4833,70.48,56,99,8.68,overcast clouds
55,Luwuk,ID,-0.9516,122.7875,76.89,88,100,1.86,overcast clouds
56,Upernavik,GL,72.7868,-56.1549,19.15,79,56,5.12,broken clouds
57,Punta Arenas,CL,-53.15,-70.9167,53.11,62,100,15.61,overcast clouds
58,Jamestown,US,42.097,-79.2353,68.02,41,8,4.0,clear sky
59,Polovinnoye,RU,54.7914,65.9864,47.12,31,100,8.41,overcast clouds
60,Lanigan,CA,51.8501,-105.0344,51.28,40,86,14.25,overcast clouds
61,Markova,UA,48.6758,24.4138,46.18,78,100,6.82,overcast clouds
62,Ancud,CL,-41.8697,-73.8203,48.42,92,100,25.64,moderate rain
63,Baykit,RU,61.67,96.37,30.74,98,100,2.75,light snow
64,Kahului,US,20.8947,-156.47,81.84,83,49,8.01,scattered clouds
65,Vila Velha,BR,-20.3297,-40.2925,71.82,91,89,5.5,overcast clouds
66,San Carlos De Bariloche,AR,-41.1456,-71.3082,51.24,46,75,28.77,light rain
67,Galveston,US,29.3669,-94.9669,89.1,53,0,7.16,clear sky
68,Richards Bay,ZA,-28.783,32.0377,71.26,89,91,6.46,overcast clouds
69,Longyearbyen,SJ,78.2186,15.6401,40.84,70,20,18.41,few clouds
70,Ponta Do Sol,PT,32.6667,-17.1,72.72,89,100,5.95,overcast clouds
71,Sesheke,ZM,-17.4759,24.2968,79.56,20,2,6.96,clear sky
72,Arraial Do Cabo,BR,-22.9661,-42.0278,71.46,78,100,10.36,overcast clouds
73,Birjand,IR,32.8663,59.2211,57.7,19,0,7.99,clear sky
74,Kapaa,US,22.0752,-159.319,80.1,76,9,3.0,clear sky
75,Butaritari,KI,3.0707,172.7902,81.79,71,9,20.27,clear sky
76,Bengkulu,ID,-3.8004,102.2655,76.1,84,100,3.15,moderate rain
77,Cape Town,ZA,-33.9258,18.4232,59.88,62,0,5.01,clear sky
78,Chuy,UY,-33.6971,-53.4616,63.72,67,90,13.53,overcast clouds
79,Carballo,ES,43.213,-8.691,62.76,94,100,9.73,overcast clouds
80,Alofi,NU,-19.0595,-169.9187,76.96,80,99,16.35,overcast clouds
81,Geraldton,AU,-28.7667,114.6,54.01,87,75,8.05,broken clouds
82,Victoria,HK,22.2855,114.1577,83.32,79,41,11.01,scattered clouds
83,Naze,JP,28.3667,129.4833,74.01,76,34,9.51,scattered clouds
84,Chokurdakh,RU,70.6333,147.9167,16.18,97,96,5.61,overcast clouds
85,Brigantine,US,39.4101,-74.3646,61.05,92,100,8.05,mist
86,Alta Floresta,BR,-9.8756,-56.0861,96.62,41,40,5.75,scattered clouds
87,Sungairaya,ID,0.7,108.9,76.05,90,100,3.47,overcast clouds
88,Umm Kaddadah,SD,13.6017,26.6876,91.24,30,43,8.37,scattered clouds
89,Ostrovnoy,RU,68.0531,39.5131,46.87,90,100,13.18,overcast clouds
90,Funtua,NG,11.5233,7.3081,72.52,80,95,6.35,overcast clouds
91,Labuhan,ID,-6.8844,112.2051,77.29,84,100,11.65,overcast clouds
92,Narovchat,RU,53.8765,43.6946,47.43,89,100,10.85,overcast clouds
93,Barabai,ID,-2.5833,115.3833,72.54,96,91,1.43,overcast clouds
94,Ola,RU,59.5833,151.2833,22.53,70,99,6.13,overcast clouds
95,Ushuaia,AR,-54.8,-68.3,51.46,43,40,11.5,scattered clouds
96,Mahebourg,MU,-20.4081,57.7,71.89,73,20,8.05,few clouds
97,Abha,SA,18.2164,42.5053,65.73,33,20,7.23,few clouds
98,Corinto,GR,37.9407,22.9573,67.89,59,0,4.36,clear sky
99,Seoul,KR,37.5683,126.9778,58.39,71,100,3.15,overcast clouds
100,Jamame,SO,0.0722,42.7506,76.33,88,71,11.79,broken clouds
101,Tura,IN,25.5198,90.2201,71.11,97,91,2.95,overcast clouds
102,Lagoa,PT,39.05,-27.9833,69.01,84,100,20.71,light rain
103,Sabang,ID,5.8933,95.3214,78.78,83,100,15.73,light rain
104,Yellowknife,CA,62.456,-114.3525,37.56,64,6,11.99,clear sky
105,Ulety,RU,51.3572,112.4849,21.11,90,19,3.27,few clouds
106,Khash,IR,28.2211,61.2158,65.28,21,0,4.63,clear sky
107,Tuatapere,NZ,-46.1333,167.6833,38.01,85,100,14.56,overcast clouds
108,Mount Gambier,AU,-37.8333,140.7667,57.11,94,100,10.36,overcast clouds
109,Vanavara,RU,60.34,102.2797,26.6,83,38,3.51,scattered clouds
110,Harper,LR,4.375,-7.7169,76.57,90,97,7.31,overcast clouds
111,Carnarvon,AU,-24.8667,113.6333,62.92,61,21,23.67,few clouds
112,Progreso,MX,21.2833,-89.6667,88.11,52,0,10.22,clear sky
113,Dhidhdhoo,MV,6.8833,73.1,80.89,80,100,17.63,overcast clouds
114,Codrington,AU,-38.2667,141.9667,54.86,93,100,11.27,overcast clouds
115,Eregli,TR,37.5133,34.0467,62.44,56,0,2.46,clear sky
116,Fairbanks,US,64.8378,-147.7164,46.22,81,82,2.35,broken clouds
117,Porto Novo,BJ,6.4965,2.6036,77.27,86,35,7.09,scattered clouds
118,Nelson Bay,AU,-32.7167,152.15,62.01,97,100,3.0,light rain
119,Warrington,GB,53.3925,-2.5802,52.32,87,75,13.8,broken clouds
120,Guerrero Negro,MX,27.9769,-114.0611,76.26,61,6,8.95,clear sky
121,Arlit,NE,18.7369,7.3853,95.52,13,7,17.78,clear sky
122,Cidreira,BR,-30.1811,-50.2056,64.4,76,54,16.75,broken clouds
123,Makakilo City,US,21.3469,-158.0858,81.61,65,40,5.75,scattered clouds
124,Ouango,CF,4.3133,22.5552,70.56,99,88,3.04,moderate rain
125,Mehamn,NO,71.0357,27.8492,42.75,75,0,19.57,clear sky
126,Norman Wells,CA,65.282,-126.8329,43.95,69,74,10.56,broken clouds
127,Lavrentiya,RU,65.5833,-171.0,38.43,90,100,23.24,overcast clouds
128,Hualmay,PE,-11.0964,-77.6139,66.06,67,11,13.67,few clouds
129,Santa Rosa,PH,14.3122,121.1114,80.11,87,100,6.4,overcast clouds
130,Lasa,IT,46.6166,10.7002,50.36,84,25,2.55,scattered clouds
131,Stornoway,GB,58.2093,-6.3865,49.96,88,40,17.27,light rain
132,La Ronge,CA,55.1001,-105.2842,42.15,38,0,8.75,clear sky
133,Kodiak,US,57.79,-152.4072,53.11,87,100,19.57,moderate rain
134,Fortuna,US,40.5982,-124.1573,69.93,72,7,6.98,clear sky
135,Bambous Virieux,MU,-20.3428,57.7575,71.85,73,20,8.05,few clouds
136,Vestmannaeyjar,IS,63.4427,-20.2734,45.86,70,82,18.84,broken clouds
137,Mar Del Plata,AR,-38.0023,-57.5575,60.82,87,100,11.5,light rain
138,Salaga,GH,8.5508,-0.5188,76.14,90,57,4.99,light rain
139,Dekar,BW,-21.5333,21.9333,79.45,13,0,8.63,clear sky
140,Ketchikan,US,55.3422,-131.6461,57.67,94,100,13.8,moderate rain
141,Port Hedland,AU,-20.3167,118.5667,64.45,94,1,4.61,clear sky
142,Zhezkazgan,KZ,47.8043,67.7144,47.57,22,0,8.66,clear sky
143,Oussouye,SN,12.485,-16.5469,81.0,82,12,7.14,few clouds
144,Eureka,US,40.8021,-124.1637,76.68,73,14,1.99,few clouds
145,Bingol,TR,38.8847,40.4939,66.2,30,79,2.71,broken clouds
146,Ribeira Grande,PT,38.5167,-28.7,70.2,88,75,9.22,broken clouds
147,Gizo,SB,-8.103,156.8419,81.73,75,67,7.85,broken clouds
148,Constitucion,CL,-35.3333,-72.4167,57.38,70,2,13.31,clear sky
149,Rawah,IQ,34.4816,41.9093,82.85,15,4,2.95,clear sky
150,Sarkand,KZ,45.41,79.9186,47.75,47,0,3.42,clear sky
151,San Quintin,MX,30.4833,-115.95,73.2,71,12,9.64,few clouds
152,Atuona,PF,-9.8,-139.0333,77.31,71,1,14.99,clear sky
153,Saskylakh,RU,71.9167,114.0833,4.24,98,81,4.56,broken clouds
154,Meulaboh,ID,4.1363,96.1285,74.19,93,100,2.91,overcast clouds
155,Grand-Lahou,CI,5.1367,-5.0242,75.83,92,95,7.67,overcast clouds
156,Bonthe,SL,7.5264,-12.505,78.26,86,100,6.29,overcast clouds
157,Winnemucca,US,40.973,-117.7357,76.08,15,2,3.51,clear sky
158,Homer,US,59.6425,-151.5483,53.8,66,100,14.97,overcast clouds
159,Goderich,CA,43.7501,-81.7165,64.9,58,29,3.98,scattered clouds
160,Cassilandia,BR,-19.1133,-51.7342,85.17,47,67,8.84,light rain
161,Mogapi,BW,-22.323,27.8349,73.49,36,0,7.63,clear sky
162,Isangel,VU,-19.55,169.2667,73.96,72,29,9.95,scattered clouds
163,Qasigiannguit,GL,68.8193,-51.1922,26.85,78,22,5.06,few clouds
164,Shimoda,JP,34.6667,138.95,58.1,91,100,19.26,overcast clouds
165,Taoudenni,ML,22.6783,-3.9836,98.24,10,2,3.8,clear sky
166,Bethel,US,41.3712,-73.414,62.42,86,100,1.01,overcast clouds
167,Bahia Blanca,AR,-38.7196,-62.2724,64.17,52,99,3.62,overcast clouds
168,Grand-Santi,GF,4.25,-54.3833,96.17,31,12,3.33,few clouds
169,Atbasar,KZ,51.8,68.3333,48.81,39,86,5.57,overcast clouds
170,Hasaki,JP,35.7333,140.8333,59.4,80,100,22.75,light rain
171,Zahir Pir,PK,28.8124,70.524,82.8,24,0,7.85,clear sky
172,Margate,GB,51.3813,1.3862,56.88,70,11,4.0,few clouds
173,Coquimbo,CL,-29.9533,-71.3436,64.13,59,20,12.66,few clouds
174,Villeneuve-Sur-Lot,FR,44.5,0.6667,66.72,82,0,3.91,clear sky
175,Provideniya,RU,64.3833,-173.3,39.87,96,100,15.73,light rain
176,Fiumicino,IT,41.7675,12.2291,70.77,78,0,2.3,clear sky
177,Ozark,US,37.0209,-93.206,85.51,35,42,1.01,scattered clouds
178,Presidencia Roque Saenz Pena,AR,-26.7852,-60.4388,82.02,66,65,7.11,broken clouds
179,Port Macquarie,AU,-31.4333,152.9167,56.89,93,100,5.08,overcast clouds
180,Auki,SB,-8.7676,160.7034,76.93,77,100,4.27,overcast clouds
181,Bozdar,PK,27.1828,68.636,85.78,28,0,9.4,clear sky
182,Evanston,US,42.0411,-87.6901,77.81,28,75,9.22,broken clouds
183,Swan Hill,AU,-35.3378,143.5544,55.36,97,100,9.13,overcast clouds
184,Port Keats,AU,-14.25,129.55,80.33,84,84,5.86,broken clouds
185,Ahuimanu,US,21.4447,-157.8378,83.91,72,40,10.36,scattered clouds
186,Douglas,US,41.3,-96.167,73.83,50,40,12.66,scattered clouds
187,Sola,VU,-13.8833,167.55,80.2,78,76,18.72,broken clouds
188,Saint George,US,37.1041,-113.5841,86.43,23,0,1.99,clear sky
189,Airai,TL,-8.9266,125.4092,58.96,79,89,2.28,overcast clouds
190,Ambikapur,IN,23.1167,83.2,71.51,91,65,7.85,broken clouds
191,Irbit,RU,57.6705,63.071,48.92,63,100,5.17,overcast clouds
192,Luderitz,NA,-26.6481,15.1594,56.48,77,19,18.19,few clouds
193,Klaksvik,FO,62.2266,-6.589,47.32,75,20,30.33,few clouds
194,Plettenberg Bay,ZA,-34.0527,23.3716,55.44,86,100,4.0,overcast clouds
195,Mayo,US,38.8876,-76.5119,64.81,89,100,6.91,mist
196,The Valley,AI,18.217,-63.0578,86.83,75,43,19.95,scattered clouds
197,Bhag,PK,29.0415,67.8239,86.41,24,0,6.13,clear sky
198,Berdigestyakh,RU,62.0989,126.6992,25.7,96,100,5.39,overcast clouds
199,Xushan,CN,30.1764,121.2457,65.97,85,100,9.6,overcast clouds
200,Phaltan,IN,17.9833,74.4333,73.8,76,81,5.93,broken clouds
201,Bambanglipuro,ID,-7.95,110.2833,76.17,85,100,8.88,overcast clouds
202,Zhanaozen,KZ,43.3,52.8,62.73,13,8,15.3,clear sky
203,Rocha,UY,-34.4833,-54.3333,65.25,63,90,13.76,overcast clouds
204,Phan Thiet,VN,10.9333,108.1,77.38,88,99,3.85,overcast clouds
205,Rong Kwang,TH,18.339,100.3174,72.77,97,100,1.45,overcast clouds
206,Bayevo,RU,53.2833,80.7667,45.23,84,89,7.34,overcast clouds
207,Chumikan,RU,54.7183,135.315,30.54,62,51,17.52,broken clouds
208,Ranong,TH,9.9658,98.6348,77.61,91,100,3.71,overcast clouds
209,Tiksi,RU,71.6872,128.8694,23.16,78,96,19.26,overcast clouds
210,Buraydah,SA,26.326,43.975,82.49,15,0,7.14,clear sky
211,Cubuk,TR,40.2386,33.0322,57.11,67,75,10.36,broken clouds
212,Wanning,CN,18.8003,110.3967,79.23,86,68,6.89,broken clouds
213,Ojiya,JP,37.3,138.8,52.39,90,76,1.95,broken clouds
214,Georgetown,MY,5.4112,100.3354,77.9,92,40,1.14,moderate rain
215,Flinders,AU,-34.5833,150.8552,58.37,92,100,3.0,light rain
216,Sisimiut,GL,66.9395,-53.6735,31.51,74,19,5.84,few clouds
217,Alice Springs,AU,-23.7,133.8833,60.35,77,0,0.0,clear sky
218,Minokamo,JP,35.482,137.0217,64.33,82,75,4.61,broken clouds
219,Fukue,JP,32.6881,128.8419,71.13,66,99,15.55,light rain
220,Mount Isa,AU,-20.7333,139.5,67.77,100,65,6.91,light rain
221,Marathon,US,44.9,-89.7668,72.64,55,75,10.36,broken clouds
222,At-Bashi,KG,41.1702,75.8106,44.64,53,100,2.24,overcast clouds
223,Akabira,JP,43.5514,142.0531,42.19,90,92,3.11,overcast clouds
224,Taksimo,RU,56.3444,114.8794,21.06,73,78,4.14,broken clouds
225,Puerto Carreno,CO,6.189,-67.4859,83.37,77,100,8.3,overcast clouds
226,Tikrit,IQ,34.6071,43.6782,87.82,13,0,8.3,clear sky
227,Karratha,AU,-20.7377,116.8463,72.41,34,18,13.87,few clouds
228,Talkha,EG,31.0539,31.3779,69.78,72,0,6.24,clear sky
229,Belyy Yar,RU,53.6039,91.3903,39.09,81,0,6.71,clear sky
230,Kismayo,SO,-0.3582,42.5454,77.05,88,72,14.7,broken clouds
231,Ullapool,GB,57.8987,-5.1604,51.35,87,100,23.58,light rain
232,Safaga,EG,26.7292,33.9365,84.18,52,0,9.01,clear sky
233,San Cristobal,VE,7.7669,-72.225,78.98,86,100,1.05,overcast clouds
234,Vostok,RU,46.4856,135.8833,25.93,78,28,5.5,scattered clouds
235,Krasnooktyabrskiy,RU,44.9328,38.3712,52.43,74,0,2.98,clear sky
236,Elizabeth City,US,36.2946,-76.2511,62.62,85,100,13.8,overcast clouds
237,Cervo,ES,43.6702,-7.4101,63.97,88,100,12.88,overcast clouds
238,Fare,PF,-16.7,-151.0167,77.58,73,15,26.19,light rain
239,Solnechnyy,RU,50.7214,136.6319,31.06,51,5,8.9,clear sky
240,Shingu,JP,33.7333,135.9833,63.82,79,100,4.74,overcast clouds
241,Killarney,IE,52.05,-9.5167,51.49,74,0,10.83,clear sky
242,Olafsvik,IS,64.8945,-23.7142,44.33,68,100,9.64,overcast clouds
243,Sur,OM,22.5667,59.5289,81.63,60,1,9.57,clear sky
244,Artvin,TR,41.1667,41.8333,60.58,95,100,3.56,overcast clouds
245,Santa Helena,BR,-2.2311,-45.3,88.21,50,39,8.68,scattered clouds
246,Obregon,NI,11.9566,-85.9636,89.69,63,56,6.91,broken clouds
247,Touros,BR,-5.1989,-35.4608,79.32,79,0,14.58,clear sky
248,Batagay-Alyta,RU,67.8006,130.4114,17.49,96,100,3.4,light snow
249,Beruwala,LK,6.4788,79.9828,76.98,89,100,9.71,overcast clouds
250,Lexington,US,37.9887,-84.4777,77.74,21,0,4.61,clear sky
251,Hearst,CA,49.6835,-83.6665,60.08,89,97,8.37,moderate rain
252,Hwange,ZW,-18.3693,26.5019,78.64,26,1,3.76,clear sky
253,Lata,PT,40.1629,-8.3327,64.92,82,0,2.17,clear sky
254,Plainview,US,40.7765,-73.4673,60.75,92,100,9.22,moderate rain
255,Saldanha,ZA,-33.0117,17.9442,57.52,77,1,9.28,clear sky
256,Juegang,CN,32.3174,121.1855,60.91,87,100,11.27,overcast clouds
257,Palmer,US,42.1584,-72.3287,61.59,85,100,11.5,light intensity drizzle
258,Rock Hill,US,34.9249,-81.0251,77.41,41,0,5.75,clear sky
259,Souillac,MU,-20.5167,57.5167,71.98,73,20,8.05,few clouds
260,Seymchan,RU,62.8833,152.4333,17.82,87,100,14.92,overcast clouds
261,Villamontes,BO,-21.25,-63.5,103.32,19,3,11.97,clear sky
262,Torbay,CA,47.6666,-52.7314,62.76,55,5,4.0,clear sky
263,Pinega,RU,64.7001,43.3936,45.28,94,100,3.09,overcast clouds
264,Mitsamiouli,KM,-11.3847,43.2844,75.24,78,3,4.25,clear sky
265,Tarko-Sale,RU,64.9225,77.785,34.92,73,100,7.27,overcast clouds
266,Ishnya,RU,57.1907,39.36,43.79,92,100,6.62,overcast clouds
267,Tabou,CI,4.423,-7.3528,76.32,91,87,6.58,overcast clouds
268,Bud,US,39.447,-86.1758,78.85,29,46,3.4,scattered clouds
269,Ahipara,NZ,-35.1667,173.1667,53.11,67,99,19.24,overcast clouds
270,Jeremoabo,BR,-10.075,-38.4808,88.52,31,63,14.29,broken clouds
271,Kaitangata,NZ,-46.2817,169.8464,36.95,83,100,14.29,overcast clouds
272,Simiti,CO,7.9579,-73.9436,87.28,66,98,3.2,overcast clouds
273,Victor Harbor,AU,-35.5667,138.6167,55.69,94,12,7.09,few clouds
274,Villa Bisono,DO,19.5638,-70.8758,88.11,71,96,7.43,overcast clouds
275,Itarema,BR,-2.9248,-39.9167,80.46,74,44,18.16,scattered clouds
276,Dzhebariki-Khaya,RU,62.2167,135.8,5.85,97,35,1.45,scattered clouds
277,Pangnirtung,CA,66.1451,-65.7125,33.8,93,100,0.0,light snow
278,Dukat,RU,62.55,155.55,9.64,96,100,7.23,light snow
279,Bocanda,CI,7.0626,-4.4995,73.94,95,38,3.62,scattered clouds
280,Moorhead,US,46.8739,-96.7676,75.97,47,0,10.36,clear sky
281,Lompoc,US,34.6391,-120.4579,92.01,72,9,4.0,clear sky
282,Chernyshevskiy,RU,63.0128,112.4714,26.76,84,89,8.66,overcast clouds
283,Zambezi,ZM,-13.5432,23.1047,76.64,21,62,4.9,broken clouds
284,Tucumcari,US,35.1717,-103.725,64.94,59,100,14.97,overcast clouds
285,Matadi,CD,-5.8167,13.45,78.33,78,100,5.3,overcast clouds
286,Iwanai,JP,42.9744,140.5089,45.77,70,98,9.75,overcast clouds
287,Champerico,GT,14.3,-91.9167,93.74,73,100,5.55,overcast clouds
288,Gurjaani,GE,41.7429,45.8011,68.49,54,44,3.53,scattered clouds
289,Stykkisholmur,IS,65.0757,-22.7297,42.03,79,100,7.4,overcast clouds
290,Tynda,RU,55.1667,124.7167,24.73,70,96,5.01,overcast clouds
291,Sitka,US,57.0531,-135.33,58.89,88,100,16.11,light rain
292,Sawakin,SD,19.1059,37.3321,86.52,51,0,2.68,clear sky
293,Sobolevo,RU,54.4299,31.8996,45.23,97,100,9.22,overcast clouds
294,Honiara,SB,-9.4333,159.95,77.83,79,100,5.77,overcast clouds
295,Humaita,BR,-7.5061,-63.0208,99.36,29,83,3.29,broken clouds
296,Sal Rei,CV,16.1833,-22.9167,81.39,78,49,8.97,scattered clouds
297,Nemuro,JP,43.3236,145.575,50.41,71,100,9.28,overcast clouds
298,Silver City,US,32.7701,-108.2803,68.92,78,100,11.5,overcast clouds
299,Iqaluit,CA,63.7506,-68.5145,33.53,100,100,8.05,light snow
300,Caravelas,BR,-17.7125,-39.2481,77.31,75,79,11.16,broken clouds
301,Chimore,BO,-16.9833,-65.1333,89.67,49,100,1.95,overcast clouds
302,Palana,RU,59.1167,159.9667,34.45,77,100,35.37,snow
303,Gamba,GA,-2.65,10.0,75.74,87,71,8.19,broken clouds
304,Bontang,ID,0.1333,117.5,76.8,88,100,4.09,overcast clouds
305,Vizinga,RU,61.0749,50.1031,42.55,94,100,6.62,overcast clouds
306,Lagunas,PE,-5.2269,-75.6753,98.92,30,100,3.13,overcast clouds
307,Nome,US,64.5011,-165.4064,35.67,87,40,5.75,scattered clouds
308,Brae,GB,60.3964,-1.353,50.07,84,85,33.89,light rain
309,Grindavik,IS,63.8424,-22.4338,43.27,81,75,8.05,broken clouds
310,Tongliao,CN,43.6125,122.2653,34.18,41,13,7.05,few clouds
311,Sao Filipe,CV,14.8961,-24.4956,79.45,80,50,6.76,scattered clouds
312,San Policarpo,PH,12.1791,125.5072,80.92,78,100,4.32,overcast clouds
313,Yatou,CN,37.15,122.3833,51.71,54,80,11.79,broken clouds
314,Nakamura,JP,32.9833,132.9333,67.01,95,99,0.56,overcast clouds
315,Cabedelo,BR,-6.9811,-34.8339,79.47,80,1,12.17,clear sky
316,Port Augusta,AU,-32.5,137.7667,57.61,81,0,1.59,clear sky
317,Napuro,PH,12.0273,124.7082,75.49,94,100,3.6,overcast clouds
318,Hailar,CN,49.2,119.7,25.16,64,33,7.52,scattered clouds
319,Kruszwica,PL,52.6756,18.3313,54.14,72,54,10.27,broken clouds
320,College,US,64.8569,-147.8028,46.2,82,75,3.44,broken clouds
321,Gubkinskiy,RU,64.434,76.5026,35.49,78,100,5.08,overcast clouds
322,Skibbereen,IE,51.55,-9.2667,55.22,68,0,18.84,clear sky
323,Whitecourt,CA,54.1502,-115.6855,53.1,50,99,9.64,overcast clouds
324,San Patricio,US,28.017,-97.5169,89.55,33,48,8.77,scattered clouds
325,Nan,TH,18.8333,100.6667,70.09,98,62,1.12,broken clouds
326,Bardiyah,LY,31.7561,25.0865,72.91,58,0,13.4,clear sky
327,Broken Hill,AU,-31.95,141.4333,61.74,58,0,3.67,clear sky
328,Talakan,RU,50.3167,130.3667,28.4,71,55,6.62,broken clouds
329,Seoni,IN,22.0833,79.5333,71.22,97,100,3.49,overcast clouds
330,Sao Jose Da Coroa Grande,BR,-8.8978,-35.1478,78.78,79,10,8.61,clear sky
331,Pangoa,PE,-12.1167,-73.0,85.93,56,100,2.3,overcast clouds
332,Okhotsk,RU,59.3833,143.3,29.37,55,100,9.15,overcast clouds
333,Launceston,AU,-41.45,147.1667,50.81,79,40,6.91,scattered clouds
334,Christchurch,NZ,-43.5333,172.6333,41.41,58,71,12.66,broken clouds
335,Puri,IN,19.8,85.85,79.32,83,21,14.5,few clouds
336,Keti Bandar,PK,24.1447,67.4497,80.74,76,68,10.83,broken clouds
337,Katherine,AU,-14.4667,132.2667,82.72,65,75,4.61,broken clouds
338,Juneau,US,58.3019,-134.4197,57.11,94,100,5.75,overcast clouds
339,Komsomolskiy,UZ,40.4272,71.7189,54.32,40,91,6.91,overcast clouds
340,Aklavik,CA,68.2191,-135.0107,32.67,89,100,14.05,overcast clouds
341,Anadyr,RU,64.75,177.4833,42.49,93,97,35.01,light rain
342,Maloy,NO,61.9353,5.1136,51.53,1,100,26.13,overcast clouds
343,Kodinsk,RU,58.6881,99.1844,33.49,99,100,4.47,light snow
344,Panaba,MX,21.2833,-88.2667,89.65,32,0,13.49,clear sky
345,Anahuac,MX,27.2333,-100.15,85.14,45,56,11.14,broken clouds
346,Mecca,SA,21.4267,39.8261,85.82,37,0,4.38,clear sky
347,Krutinka,RU,56.0055,71.5113,45.9,51,100,9.42,overcast clouds
348,Kununurra,AU,-15.7667,128.7333,82.38,61,40,4.61,scattered clouds
349,Talnakh,RU,69.4865,88.3972,23.49,93,87,3.38,overcast clouds
350,Aktash,RU,50.3,87.7333,26.76,65,95,5.01,overcast clouds
351,Kanniyakumari,IN,8.0833,77.5667,78.3,84,100,15.77,overcast clouds
352,Pevek,RU,69.7008,170.3133,28.96,81,100,9.51,overcast clouds
353,Sinnamary,GF,5.3833,-52.95,82.92,71,2,12.8,clear sky
354,Esmeraldas,BR,-19.7625,-44.3139,85.06,43,82,1.77,broken clouds
355,Monrovia,LR,6.3005,-10.7969,78.57,86,88,7.11,light rain
356,Carutapera,BR,-1.195,-46.02,83.43,68,17,11.3,few clouds
357,Saint-Georges,GD,12.0564,-61.7485,78.31,85,100,19.22,overcast clouds
358,Cherskiy,RU,68.75,161.3,22.93,78,100,8.25,overcast clouds
359,Padre Paraiso,BR,-17.0742,-41.4844,72.99,76,56,5.44,broken clouds
360,Maniitsoq,GL,65.4167,-52.9,33.87,58,13,5.17,few clouds
361,Clyde River,CA,70.4692,-68.5914,25.92,83,99,19.42,light snow
362,Nouadhibou,MR,20.931,-17.0347,79.12,59,28,15.9,scattered clouds
363,Viedma,AR,-40.8135,-62.9967,73.51,24,19,15.3,few clouds
364,Kruisfontein,ZA,-34.0033,24.7314,55.89,83,76,4.97,broken clouds
365,Bafoulabe,ML,13.8065,-10.8321,83.16,75,5,4.56,clear sky
366,Gat,IL,31.61,34.7642,75.88,100,0,4.32,clear sky
367,Namibe,AO,-15.1961,12.1522,64.51,84,76,1.83,broken clouds
368,Popondetta,PG,-8.7537,148.2534,73.94,97,81,2.3,broken clouds
369,Gravdal,NO,68.1214,13.5031,48.09,71,20,16.11,few clouds
370,Port-Cartier,CA,50.0334,-66.8654,51.75,85,100,2.46,overcast clouds
371,Tungor,RU,53.3808,142.9564,31.32,72,67,15.48,broken clouds
372,Cururupu,BR,-1.8283,-44.8683,83.37,64,49,6.4,scattered clouds
373,Jaguey Grande,CU,22.5269,-81.1286,89.26,43,10,3.47,light rain
374,Vila Franca Do Campo,PT,37.7167,-25.4333,71.2,88,98,9.42,light rain
375,Samarai,PG,-10.6167,150.6667,80.96,81,58,10.22,broken clouds
376,Spornoye,RU,50.8448,37.2913,44.78,91,44,8.52,scattered clouds
377,Takaka,NZ,-40.85,172.8,43.56,57,6,3.98,clear sky
378,Bonavista,CA,48.6499,-53.1147,59.32,65,10,9.24,clear sky
379,Bose,IT,45.4612,8.0137,65.28,76,45,2.75,scattered clouds
380,Grand Gaube,MU,-20.0064,57.6608,72.0,71,69,4.0,broken clouds
381,Saint-Louis,SN,16.3333,-15.0,99.72,17,10,5.48,clear sky
382,Dikson,RU,73.5069,80.5464,30.49,76,92,6.55,overcast clouds
383,Miandrivazo,MG,-19.5167,45.4667,76.33,76,0,2.01,clear sky
384,Salym,RU,60.0625,71.4789,41.2,91,100,4.83,overcast clouds
385,Guaruja,BR,-23.9931,-46.2564,73.89,26,3,1.99,clear sky
386,Alghero,IT,40.5589,8.3181,64.49,88,0,2.3,clear sky
387,Esperance,AU,-33.8667,121.9,51.08,77,64,19.04,light rain
388,Kulhudhuffushi,MV,6.6221,73.07,80.82,80,100,17.56,overcast clouds
389,Shenjiamen,CN,29.9576,122.298,66.4,76,100,15.19,overcast clouds
390,Flin Flon,CA,54.7682,-101.865,41.79,35,5,12.21,clear sky
391,Laguna,US,38.421,-121.4238,90.01,43,0,5.75,clear sky
392,Yenagoa,NG,4.9247,6.2642,75.79,93,46,5.23,light rain
393,Tautira,PF,-17.7333,-149.15,76.42,72,18,24.14,few clouds
394,Ankazoabo,MG,-22.2833,44.5167,77.41,47,0,10.16,clear sky
395,Baculin,PH,7.4525,126.5842,77.99,84,100,2.86,overcast clouds
396,Rudsar,IR,37.1376,50.288,72.01,81,0,3.51,clear sky
397,Katsuura,JP,35.1333,140.3,59.02,86,100,24.14,overcast clouds
398,Mudgee,AU,-32.5943,149.5871,53.65,100,100,3.44,overcast clouds
399,Ferrol,ES,43.4832,-8.2369,63.12,95,100,15.48,overcast clouds
400,Tomohon,ID,1.3346,124.8392,68.94,90,94,1.83,light rain
401,Sancti Spiritus,CU,21.9297,-79.4425,86.4,52,13,4.79,few clouds
402,La Romana,DO,18.4273,-68.9728,85.96,67,86,8.79,overcast clouds
403,Ust-Kuyga,RU,70.0167,135.6,20.7,96,100,7.47,light snow
404,Srednekolymsk,RU,67.45,153.6833,20.53,88,100,23.2,light snow
405,Axim,GH,4.8699,-2.2405,76.62,89,5,6.51,clear sky
406,Jiuquan,CN,39.7432,98.5174,40.21,41,0,1.1,clear sky
407,Mangan,IN,27.5167,88.5333,72.48,85,100,2.73,overcast clouds
408,Linhares,BR,-19.3911,-40.0722,77.58,73,35,9.53,scattered clouds
409,Vidim,RU,56.4088,103.1106,31.01,75,100,4.81,overcast clouds
410,Santiago De Cuba,CU,20.0247,-75.8219,86.11,70,40,6.91,scattered clouds
411,Tuy Hoa,VN,13.0833,109.3,76.87,90,100,3.53,very heavy rain
412,Lodja,CD,-3.4833,23.4333,71.06,95,100,1.01,moderate rain
413,Dunedin,NZ,-45.8742,170.5036,36.86,82,100,19.1,overcast clouds
414,Jumla,NP,29.2747,82.1838,56.5,93,100,2.98,overcast clouds
415,Naliya,IN,23.2667,68.8333,80.56,70,32,11.03,scattered clouds
416,Asilah,MA,35.465,-6.0348,73.36,72,0,15.84,clear sky
417,Mazatlan,MX,23.2167,-106.4167,87.91,68,40,3.0,scattered clouds
418,Mineiros,BR,-17.5694,-52.5511,79.54,56,56,13.67,broken clouds
419,Petropavlovsk-Kamchatskiy,RU,53.0452,158.6483,33.78,93,75,2.24,light intensity shower rain
420,Oyama,JP,36.3,139.8,62.58,78,100,6.04,overcast clouds
421,Namatanai,PG,-3.6667,152.4333,79.47,82,100,8.34,light rain
422,Glendive,US,47.1053,-104.7125,72.48,49,0,11.5,clear sky
423,Henties Bay,NA,-22.116,14.2845,54.79,93,5,9.48,clear sky
424,Khovu-Aksy,RU,51.1333,93.6,35.69,48,100,2.8,overcast clouds
425,Karatau,KZ,43.1667,70.4667,46.08,33,0,5.32,clear sky
426,Xiamen,CN,24.4798,118.0819,78.26,75,71,7.14,broken clouds
427,Shatsk,RU,54.0258,41.7119,46.63,90,89,9.46,overcast clouds
428,Savannah Bight,HN,16.45,-85.85,77.16,88,100,10.47,overcast clouds
429,Hillsborough,US,37.5741,-122.3794,86.99,74,20,8.05,mist
430,Melo,UY,-32.3667,-54.1833,68.09,66,42,13.22,scattered clouds
431,Igrim,RU,63.1906,64.4162,43.38,98,100,6.58,overcast clouds
432,Tuensang,IN,26.2833,94.8333,66.31,97,100,2.64,overcast clouds
433,Emirdag,TR,39.0197,31.15,51.93,75,77,3.85,broken clouds
434,Ocos,GT,14.5094,-92.1933,89.78,72,100,4.99,overcast clouds
435,West Fargo,US,46.875,-96.9004,76.01,45,0,10.36,clear sky
436,Bulgan,MN,48.8125,103.5347,27.99,49,77,4.0,broken clouds
437,Orlik,RU,52.5178,99.825,30.0,65,100,3.04,overcast clouds
438,Las Vegas,US,36.175,-115.1372,91.62,18,0,6.91,clear sky
439,Neuenburg,CH,46.9918,6.931,61.48,74,0,2.3,clear sky
440,Mirabad,AF,30.4362,61.8383,73.33,15,0,24.36,clear sky
441,San Luis,AR,-33.295,-66.3356,51.49,79,100,14.27,light rain
442,Borogontsy,RU,62.6683,131.1683,21.78,90,81,6.33,broken clouds
443,Praya,CV,14.9215,-23.5087,82.94,78,20,6.91,few clouds
444,Deputatskiy,RU,69.3,139.9,8.85,93,100,5.86,overcast clouds
445,Saurimo,AO,-9.6608,20.3916,68.65,68,77,3.71,broken clouds
446,Tabas,IR,33.5959,56.9244,78.39,16,0,4.99,clear sky
447,Aykhal,RU,66.0,111.5,22.73,96,99,8.14,light snow
448,Nizwa,OM,22.9333,57.5333,80.44,44,9,1.03,clear sky
449,Hofn,IS,64.2539,-15.2082,43.86,58,6,12.77,clear sky
450,Nassau,US,40.7507,-73.5829,60.93,92,100,9.22,light rain
451,Vallenar,CL,-28.5708,-70.7581,67.21,37,0,11.03,clear sky
452,Beausejour,CA,50.0622,-96.5167,64.85,43,29,19.35,scattered clouds
453,Thunder Bay,CA,48.4001,-89.3168,66.67,62,33,9.08,scattered clouds
454,Peace River,CA,56.2501,-117.286,52.56,55,100,11.16,overcast clouds
455,Aden,YE,12.7794,45.0367,87.01,73,100,11.77,overcast clouds
456,Maceio,BR,-9.6658,-35.7353,80.04,83,20,12.66,few clouds
457,Cadereyta,MX,25.5833,-99.9833,78.48,49,85,6.62,overcast clouds
458,Pecos,US,31.4229,-103.4932,83.23,32,40,9.22,scattered clouds
459,Pacific Grove,US,36.6177,-121.9166,78.39,87,100,10.0,haze
460,Amapa,BR,1.0,-52.0,91.81,39,99,5.75,overcast clouds
461,Sharlyk,RU,52.9167,54.75,53.04,27,100,12.1,overcast clouds
462,Mariana,BR,-20.3778,-43.4161,76.59,65,78,3.11,broken clouds
463,Najran,SA,17.4924,44.1277,74.79,24,80,3.51,broken clouds
464,Faya,SA,18.3851,42.4509,70.32,30,44,7.81,scattered clouds
465,Maragogi,BR,-9.0122,-35.2225,78.57,80,12,8.28,few clouds
466,Bosobolo,CD,4.1833,19.9,72.23,92,100,1.83,overcast clouds
467,Ostrov,RU,57.3439,28.3537,51.53,95,100,8.55,overcast clouds
468,Muli,MV,2.9167,73.5667,80.98,79,100,18.32,overcast clouds
469,Dyurtyuli,RU,55.4911,54.8688,47.62,74,100,12.88,overcast clouds
470,Necochea,AR,-38.5473,-58.7368,60.48,66,100,5.7,light rain
471,Vanimo,PG,-2.6741,141.3028,77.72,90,100,6.06,overcast clouds
472,Calatayud,ES,41.3535,-1.6432,66.83,54,0,4.79,clear sky
473,Mayumba,GA,-3.432,10.6554,75.99,89,100,9.06,light rain
474,Asau,RO,46.4333,26.4,51.28,79,96,6.08,overcast clouds
475,Norfolk,US,42.1668,-71.2495,58.96,96,100,5.75,mist
476,Manokwari,ID,-0.8667,134.0833,77.54,76,99,2.35,overcast clouds
477,Miri,MY,4.4148,114.0089,77.07,91,97,5.57,overcast clouds
478,Nuuk,GL,64.1835,-51.7216,38.01,87,75,1.14,broken clouds
479,Beyneu,KZ,45.3167,55.2,56.46,33,97,13.89,overcast clouds
480,Oistins,BB,13.0667,-59.5333,78.89,83,75,18.41,broken clouds
481,Entre Rios,BR,-11.9419,-38.0844,80.15,56,2,9.08,clear sky
482,Collipulli,CL,-37.95,-72.4333,64.18,41,72,4.92,broken clouds
483,Svetlaya,RU,46.5389,138.3297,35.85,65,6,9.89,clear sky
484,Bay Roberts,CA,47.5999,-53.2648,63.52,56,5,4.0,clear sky
485,Washougal,US,45.5826,-122.3534,63.05,80,100,6.91,overcast clouds
486,Port Hardy,CA,50.6996,-127.4199,61.86,83,100,2.53,overcast clouds
487,Kidal,ML,18.4411,1.4078,94.75,12,1,10.45,clear sky
488,Mackenzie,CA,55.2999,-123.1698,61.18,48,8,2.71,clear sky
489,Pedernales,DO,18.0384,-71.744,84.36,71,75,4.05,broken clouds
490,Korla,CN,41.7597,86.1469,55.26,34,0,7.05,clear sky
491,Novobiryusinskiy,RU,56.9578,97.7076,32.4,95,99,7.27,light snow
492,Burns Lake,CA,54.2331,-125.7533,63.61,68,73,2.08,broken clouds
493,Tupelo,US,34.2576,-88.7034,82.69,19,0,0.0,clear sky
494,Saint-Augustin,CA,51.226,-58.6502,58.14,66,25,12.01,scattered clouds
495,Catamarca,AR,-28.4696,-65.7852,63.81,59,57,23.91,broken clouds
496,Muzhi,RU,65.3667,64.6667,40.46,98,100,7.23,light rain
497,Saint Stephen,GB,50.3333,-4.9,57.47,67,20,24.16,few clouds
498,Dasoguz,TM,41.8363,59.9666,55.89,18,0,11.74,clear sky
499,Arrecife,ES,28.963,-13.5477,73.38,78,20,17.27,few clouds
500,Santa Fe,AR,-31.6333,-60.7,79.02,32,100,5.01,overcast clouds
501,Ambanja,MG,-13.6833,48.45,71.02,88,0,2.01,clear sky
502,Pisco,PE,-13.7,-76.2167,68.05,60,0,11.5,clear sky
503,Bayji,IQ,34.9311,43.487,88.29,12,0,8.34,clear sky
504,Portland,US,45.5234,-122.6762,66.24,77,100,6.91,overcast clouds
505,Santa Cruz De Tenerife,ES,28.4682,-16.2546,77.45,71,40,12.66,scattered clouds
506,Alagir,RU,43.0422,44.2222,59.54,82,91,2.64,overcast clouds
507,Marsh Harbour,BS,26.5412,-77.0636,79.81,70,16,14.61,few clouds
508,Sokode,TG,8.9833,1.1333,72.95,92,91,3.4,overcast clouds
509,Belaya Gora,RU,68.5333,146.4167,17.51,93,97,11.18,overcast clouds
510,Monastyryshche,UA,48.9909,29.8047,49.86,74,100,6.51,overcast clouds
511,Salamanca,ES,40.8333,-6.0,71.62,34,0,4.25,clear sky
512,La Rioja,ES,42.25,-2.5,58.78,69,0,1.97,clear sky
513,Balkanabat,TM,39.5108,54.3671,72.7,8,0,17.2,clear sky
514,Prado,BR,-17.3411,-39.2208,77.16,76,43,12.82,scattered clouds
515,Acapulco,MX,16.8634,-99.8901,87.62,66,40,6.91,scattered clouds
516,Tacuarembo,UY,-31.7333,-55.9833,70.65,57,56,10.89,broken clouds
517,Ammon,US,43.4696,-111.9666,74.95,32,0,5.75,clear sky
518,Baiyin,CN,36.5583,104.2081,45.25,74,99,1.3,overcast clouds
519,Jaisalmer,IN,26.9147,70.9181,86.07,25,1,9.93,clear sky
520,Zwedru,LR,6.0667,-8.1281,72.37,98,100,3.47,light rain
521,Macau,MO,22.2006,113.5461,82.85,83,40,14.97,scattered clouds
522,Heihe,CN,50.2441,127.4902,26.4,53,2,6.29,clear sky
523,Tambovka,RU,50.0969,128.0489,28.11,58,1,6.13,clear sky
524,Balingasay,PH,16.3573,119.8564,81.57,79,50,10.09,scattered clouds
525,Chaman,PK,30.9236,66.4512,68.9,12,0,5.32,clear sky
526,Waddan,LY,29.1614,16.139,74.37,57,0,12.59,clear sky
527,Gushikawa,JP,26.3544,127.8686,79.83,83,75,3.44,broken clouds
528,Lincoln,US,40.8,-96.667,76.28,51,100,10.36,overcast clouds
529,Marao,PH,13.9142,121.8392,78.62,88,99,6.91,overcast clouds
530,Mae Sot,TH,16.7167,98.5667,76.42,93,92,1.92,overcast clouds
531,Assiniboia,CA,49.6334,-105.9845,58.82,44,100,16.11,overcast clouds
532,Opuwo,NA,-18.0607,13.84,74.3,27,4,5.28,clear sky
533,Riyadh,SA,24.6877,46.7219,78.94,15,0,1.86,clear sky
534,Khed Brahma,IN,24.0333,73.05,83.07,40,98,3.76,overcast clouds
535,Evensk,RU,61.95,159.2333,30.92,80,98,16.46,overcast clouds
536,Aswan,EG,24.0934,32.907,96.1,17,0,9.22,clear sky
537,Muros,ES,42.7762,-9.0603,68.16,82,97,12.8,overcast clouds
538,Mizdah,LY,31.4451,12.9801,66.92,54,0,15.21,clear sky
539,Tiznit,MA,29.5833,-9.5,70.83,58,10,2.55,clear sky
540,Sale,MA,34.0389,-6.8166,69.75,100,40,4.61,scattered clouds
541,Urumqi,CN,43.801,87.6005,45.55,46,0,4.47,clear sky
542,Ugoofaaru,MV,5.6667,73.0,81.5,78,100,18.72,overcast clouds
543,Puerto Madero,MX,14.7208,-92.4215,89.8,74,40,8.05,scattered clouds
544,Kingston,JM,17.997,-76.7936,88.75,74,20,13.8,few clouds
545,Isagarh,IN,24.8333,77.8833,72.18,97,99,8.05,overcast clouds
546,Chaohu,CN,31.6,117.8667,54.1,88,100,11.81,overcast clouds
547,Nishihara,JP,26.1842,127.7558,79.88,78,100,13.8,overcast clouds
548,Boromlya,UA,50.6184,34.9704,47.59,88,100,6.93,overcast clouds
549,Oranjemund,NA,-28.55,16.4333,55.98,88,34,10.65,scattered clouds
550,Doka,SD,13.5167,35.7667,76.03,75,19,7.25,few clouds
551,Dobryanka,RU,58.4619,56.4165,42.98,64,100,6.6,overcast clouds
552,Gornyy,RU,55.1153,83.9059,39.79,92,100,3.69,overcast clouds
553,Kawalu,ID,-7.3817,108.2082,70.7,97,97,0.34,overcast clouds
554,Ha Tinh,VN,18.3333,105.9,75.38,93,57,3.42,broken clouds
555,Jiangyou,CN,31.7667,104.7167,60.22,96,100,1.57,moderate rain
556,Randazzo,IT,37.8774,14.9501,60.89,72,44,3.53,scattered clouds
557,Marawi,PH,7.9986,124.2928,68.47,91,100,0.47,overcast clouds
558,Thompson,CA,55.7435,-97.8558,33.96,69,75,12.66,broken clouds
559,Saint-Pierre,RE,-21.3393,55.4781,69.48,73,0,8.05,clear sky
560,Hurghada,EG,27.2574,33.8129,81.27,49,0,14.92,clear sky
561,Hit,IQ,33.6416,42.8251,86.67,14,0,6.71,clear sky
562,Drayton Valley,CA,53.2168,-114.9854,59.47,42,76,11.61,broken clouds
563,Gunjur,GM,13.2019,-16.7339,82.17,81,26,9.91,scattered clouds
564,Ascension,US,30.2169,-90.9001,87.06,44,0,0.0,clear sky
565,Parczew,PL,51.6402,22.9006,54.21,69,100,9.91,overcast clouds
566,Thanh Hoa,VN,19.8,105.7667,75.4,94,35,2.28,scattered clouds
567,Sinegorye,RU,62.0788,150.477,12.97,94,100,4.61,light snow
568,Storslett,NO,69.7678,21.0247,46.4,71,100,19.57,overcast clouds
569,Eastbourne,GB,50.7687,0.2845,58.71,68,3,5.01,clear sky
570,Padang,ID,-0.9492,100.3543,76.93,87,100,4.27,overcast clouds
571,Gavle,SE,60.6745,17.1417,60.35,87,100,5.99,overcast clouds
572,Atar,MR,20.5169,-13.0499,98.11,13,24,14.25,few clouds
573,Palauig,PH,15.435,119.9045,80.13,78,83,3.6,broken clouds
574,Ferme-Neuve,CA,46.7001,-75.4493,68.67,58,18,5.57,few clouds
575,Porto-Vecchio,FR,41.591,9.2795,63.93,77,0,4.61,clear sky
576,Kuruman,ZA,-27.4524,23.4325,68.99,14,6,9.86,clear sky
577,Krasnoselkup,RU,65.7,82.4667,32.85,94,100,9.1,overcast clouds
578,Magnolia,US,33.2671,-93.2393,82.09,32,0,8.01,clear sky
579,Klyuchi,RU,52.2667,79.1667,45.55,72,90,7.65,overcast clouds
580,Te Anau,NZ,-45.4167,167.7167,32.7,84,87,0.65,overcast clouds
581,Zeitz,DE,51.05,12.15,62.1,76,65,13.82,broken clouds
582,Little Current,CA,45.9793,-81.9248,66.42,54,97,9.8,overcast clouds
583,Lara,AU,-38.0167,144.4,55.49,91,75,14.97,broken clouds
584,Ballina,AU,-28.8667,153.5667,60.01,99,100,3.11,overcast clouds
585,Tshikapa,CD,-6.4167,20.8,70.54,86,99,2.15,overcast clouds
586,Gornopravdinsk,RU,60.05,69.9,43.47,96,100,6.08,overcast clouds
587,Dormidontovka,RU,47.7702,134.9076,29.77,70,5,9.13,clear sky
588,Vibo Valentia,IT,38.6996,16.1274,52.39,63,9,3.29,clear sky
589,Dzerzhinskoye,RU,56.8344,95.2283,33.8,89,100,9.4,overcast clouds
590,Tamworth,GB,52.634,-1.6959,52.52,78,0,5.99,clear sky
591,Prainha,BR,-1.8,-53.48,97.29,31,22,6.08,few clouds
592,Adrar,MR,20.5022,-10.0711,95.9,12,7,10.92,clear sky
593,Khandyga,RU,62.6667,135.6,10.76,92,33,2.01,scattered clouds
594,Nagothana,IN,18.5333,73.1333,77.07,91,89,2.68,overcast clouds
595,Minas De Barroteran,MX,27.6333,-101.2833,80.51,40,29,10.58,scattered clouds
596,Port Lincoln,AU,-34.7333,135.8667,54.03,91,3,7.94,clear sky
597,Vestmanna,FO,62.1564,-7.1664,45.52,76,75,28.77,broken clouds
598,Koekelare,BE,51.0937,2.9659,61.34,75,20,18.41,few clouds
599,Husavik,IS,66.0449,-17.3389,36.7,97,100,39.35,overcast clouds
600,Puerto Morazan,NI,12.8504,-87.1717,88.57,68,69,1.19,broken clouds
601,Primorsk,UA,46.7348,36.3443,56.68,57,55,8.79,broken clouds
602,Pyaozerskiy,RU,65.8333,31.1667,45.88,88,100,7.0,overcast clouds
603,Cherkasy,UA,49.4285,32.0621,51.71,75,100,5.73,overcast clouds
604,Saint-Francois,FR,46.4154,3.9054,58.68,82,0,3.44,clear sky
605,Beberibe,BR,-4.1797,-38.1306,80.02,78,1,15.19,clear sky
606,Port-Gentil,GA,-0.7193,8.7815,78.76,83,40,8.05,scattered clouds
607,Yumen,CN,40.2833,97.2,41.09,58,6,4.18,clear sky
608,Chodziez,PL,52.995,16.9198,55.87,67,100,11.12,overcast clouds
609,Bosaso,SO,11.2842,49.1816,85.21,62,95,3.51,overcast clouds
610,Rawson,AR,-43.3002,-65.1023,69.42,26,3,23.6,clear sky
611,Naryan-Mar,RU,67.6713,53.087,43.16,97,100,6.46,overcast clouds
612,Jorochito,BO,-18.05,-63.4333,88.12,43,89,14.18,overcast clouds
613,Udachnyy,RU,66.4167,112.4,26.46,85,99,7.81,overcast clouds
614,Puli,TW,23.9664,120.9695,78.22,69,2,4.65,clear sky
615,Saint Anthony,US,45.0205,-93.218,73.45,63,75,10.36,broken clouds
616,Praia,CV,14.9215,-23.5087,82.94,78,20,6.91,few clouds
617,Tallahassee,US,30.4383,-84.2807,83.08,45,30,4.0,scattered clouds
618,Yashan,CN,22.1975,109.9419,73.92,96,5,1.01,clear sky
619,Santa Cruz De La Palma,ES,28.6835,-17.7642,77.14,78,0,13.8,clear sky
620,Havoysund,NO,70.9963,24.6622,44.83,89,100,20.58,overcast clouds
621,Mujiayingzi,CN,42.1167,118.7833,36.25,29,100,0.72,overcast clouds
622,Ust-Omchug,RU,61.15,149.6333,10.53,97,100,2.17,overcast clouds
623,Ust-Tarka,RU,55.5672,75.705,46.92,72,100,6.49,overcast clouds
624,Kelvington,CA,52.1667,-103.5343,47.3,42,93,15.48,overcast clouds
625,Mpanda,TZ,-6.3655,31.0409,72.9,28,32,2.3,scattered clouds
626,Kandrian,PG,-6.2167,149.55,77.29,90,64,6.62,broken clouds
627,Sharjah,AE,25.3573,55.4033,84.47,79,0,2.26,clear sky
628,Kenai,US,60.5544,-151.2583,52.03,79,100,21.85,light rain
629,Rosarito,MX,32.3333,-117.0333,82.63,74,30,8.68,scattered clouds
630,Dasuya,IN,31.8183,75.6597,73.38,57,0,4.25,clear sky
631,Mkushi,ZM,-13.6202,29.3939,69.17,18,7,5.66,clear sky
632,La Seyne-Sur-Mer,FR,43.0982,5.8847,69.89,85,0,6.08,clear sky
633,Neiafu,TO,-18.65,-173.9833,79.48,83,75,6.91,broken clouds
634,Nantucket,US,41.2835,-70.0995,62.71,98,100,14.97,fog
635,Ukiah,US,39.1502,-123.2078,91.44,40,0,5.75,clear sky
636,Hobyo,SO,5.3505,48.5268,77.11,87,51,19.91,broken clouds
637,Magadan,RU,59.5667,150.8,16.54,68,97,5.99,overcast clouds
638,Trairi,BR,-3.2778,-39.2689,80.08,74,46,13.62,scattered clouds
639,Yaan,NG,7.3833,8.5667,75.54,86,55,3.6,broken clouds
640,Turan,VN,16.0678,108.2208,78.78,94,40,3.44,thunderstorm
641,Santa Cruz Do Sul,BR,-29.7175,-52.4258,74.07,57,28,8.19,scattered clouds
642,Toora-Khem,RU,52.4675,96.11,29.43,91,100,1.95,overcast clouds
643,Skeldon,GY,5.8833,-57.1333,81.61,76,100,7.67,overcast clouds
644,Doda,IN,33.1333,75.5667,64.9,67,0,2.82,clear sky
645,Dombarovskiy,RU,50.7587,59.5386,49.12,22,98,11.05,overcast clouds
646,Ahlat,TR,38.7518,42.4814,62.49,36,100,3.0,overcast clouds
647,Masty,BY,53.4122,24.5387,51.22,78,100,9.86,overcast clouds
648,Nadym,RU,65.5333,72.5167,33.35,86,51,5.79,broken clouds
649,Saint-Raymond,CA,45.467,-73.6095,71.98,32,20,5.75,few clouds
650,Ixtapa,MX,20.7,-105.2,88.23,66,40,8.05,scattered clouds
651,Hervey Bay,AU,-25.2986,152.8535,63.01,84,56,11.01,broken clouds
652,Nioro,GM,13.35,-15.75,80.33,82,51,9.35,broken clouds
653,Dunmore East,IE,52.1514,-6.9861,53.33,74,0,6.91,clear sky
654,Bintulu,MY,3.1667,113.0333,77.41,94,20,2.3,few clouds
655,Ginir,ET,7.1333,40.7,60.06,76,89,4.29,overcast clouds
656,Westerland,DE,54.9079,8.3033,59.02,94,100,27.63,light rain
657,Berlevag,NO,70.8578,29.0864,42.8,75,0,20.71,clear sky
658,Oromocto,CA,45.8351,-66.4792,68.72,64,75,3.44,broken clouds
659,Terrak,NO,65.087,12.3715,51.67,92,100,8.21,light rain
660,Chiredzi,ZW,-21.05,31.6667,79.27,44,0,9.89,clear sky
661,New Richmond,US,45.123,-92.5366,74.75,53,52,8.99,broken clouds
662,Devonport,AU,-41.1667,146.35,51.1,78,100,17.4,overcast clouds
663,Zvishavane,ZW,-20.3267,30.0665,73.83,32,0,6.15,clear sky
664,Coahuayana,MX,18.7333,-103.6833,87.17,66,7,6.15,clear sky
665,Ewa Beach,US,21.3156,-158.0072,84.15,64,40,10.36,scattered clouds
666,Dire,ML,12.2833,-10.9667,77.63,88,15,1.5,light rain
667,Turayf,SA,31.6725,38.6637,77.25,33,0,11.5,clear sky
668,New Castle,US,41.0037,-80.347,74.48,39,0,6.91,clear sky
669,Fort Saint James,CA,54.4333,-124.25,64.36,48,47,1.7,scattered clouds
670,Nyurba,RU,63.2842,118.3319,29.98,96,100,9.26,light snow
671,Hami,CN,42.8,93.45,52.74,46,0,4.97,clear sky
672,Niono,ML,14.2526,-5.993,89.06,43,5,1.95,clear sky
673,Wyndham,US,37.6985,-77.6125,68.76,74,100,5.75,overcast clouds
674,Nhulunbuy,AU,-12.2333,136.7667,75.81,94,58,0.0,broken clouds
675,Athens,GR,37.9795,23.7162,66.16,49,20,6.91,few clouds
676,Haines Junction,CA,60.7522,-137.5108,46.35,66,100,1.14,overcast clouds
677,Am Timan,TD,11.0297,20.2827,77.49,67,91,2.77,overcast clouds
678,Whitianga,NZ,-36.8333,175.7,50.43,71,28,13.8,scattered clouds
679,Valdivia,CL,-39.8142,-73.2459,55.49,76,100,8.46,moderate rain
680,Araouane,ML,18.9048,-3.5265,96.17,22,47,7.23,scattered clouds
681,Comodoro Rivadavia,AR,-45.8667,-67.5,62.46,29,0,14.97,clear sky
682,Sechura,PE,-5.5569,-80.8222,77.04,51,17,17.25,few clouds
683,Mahajanga,MG,-15.7167,46.3167,71.62,88,0,2.3,clear sky
684,Chemal,RU,51.4111,86.005,41.32,96,100,3.11,overcast clouds
685,Waipawa,NZ,-41.4122,175.5153,36.86,85,99,18.77,overcast clouds
686,Itoman,JP,26.1247,127.6694,80.62,78,100,13.8,overcast clouds
687,Kargasok,RU,59.0556,80.8572,39.0,77,100,7.27,overcast clouds
688,Hashtrud,IR,37.4779,47.0508,61.39,24,0,0.87,clear sky
689,Cabanas,CU,22.9758,-82.9219,81.46,66,8,9.84,clear sky
690,Nago,JP,26.5881,127.9761,77.45,84,23,9.28,few clouds
691,Daru,PG,-9.0763,143.2092,79.25,88,100,16.55,overcast clouds
692,Eldorado,BR,-23.7869,-54.2836,73.08,92,100,8.19,overcast clouds
693,Pokhvistnevo,RU,53.6524,52.1274,47.71,82,100,4.18,overcast clouds
694,Nautanwa,IN,27.4333,83.4167,73.0,90,100,6.24,moderate rain
695,Sayat,TM,38.7839,63.8803,57.07,25,0,11.79,clear sky
696,Yar-Sale,RU,66.8333,70.8333,33.03,90,26,8.81,scattered clouds
697,Ponta Delgada,PT,37.7333,-25.6667,71.51,88,75,5.75,broken clouds
698,Ust-Tsilma,RU,65.441,52.1498,44.78,91,100,6.4,overcast clouds
699,Zapolyarnyy,RU,69.4154,30.8136,40.28,88,100,11.14,overcast clouds
700,Tucuman,AR,-26.8241,-65.2226,82.4,30,75,20.71,smoke
701,Dwarka,IN,22.2394,68.9678,81.57,70,2,11.72,clear sky
702,Takoradi,GH,4.8845,-1.7554,76.08,91,7,7.47,clear sky
703,Lufkin,US,31.3382,-94.7291,86.85,37,0,5.75,clear sky
704,Bayir,TR,37.2687,28.2167,61.32,47,0,5.5,clear sky
705,Novouzensk,RU,50.4592,48.1431,57.76,82,100,9.15,overcast clouds
706,Kloulklubed,PW,7.0419,134.2556,73.9,74,69,8.52,broken clouds
707,Gazanjyk,TM,39.2446,55.5154,63.25,10,0,15.46,clear sky
708,Cabra,ES,37.4725,-4.4421,70.45,61,3,5.95,clear sky
709,Abu Dhabi,AE,24.4667,54.3667,86.97,84,0,8.7,clear sky
710,Piacabucu,BR,-10.4056,-36.4344,79.03,76,6,7.18,clear sky
711,Annau,TM,37.8876,58.516,60.3,20,0,6.91,clear sky
712,Port Blair,IN,11.6667,92.75,80.19,83,100,13.29,overcast clouds
713,Sumbe,AO,-11.2061,13.8437,73.83,85,58,9.44,broken clouds
